User Input,Chat Response,Timestamp
hii,Growing a vegetable garden allows you to enjoy fresh produce and connect with nature.,2025-36-03/14/25 22:36:29
goodbye,See you later,2025-36-03/14/25 22:36:46
what is your age,My purpose is to assist you,2025-36-03/14/25 22:36:59
what is your age,I can answer questions and provide assistance,2025-37-03/14/25 22:37:06
what is your name?,My name is Chatbot.,2025-37-03/14/25 22:37:31
what is your name?,You can call me Chatbot.,2025-37-03/14/25 22:37:40
Age,"Gardening tips include choosing the right plants for your climate, watering properly, and using organic fertilizers.",2025-38-03/14/25 22:38:15
About,Growing a vegetable garden allows you to enjoy fresh produce and connect with nature.,2025-38-03/14/25 22:38:24
Tell me about you,My purpose is to assist you,2025-38-03/14/25 22:38:42
Tell me about you,I can answer questions and provide assistance,2025-38-03/14/25 22:38:54
hii,"Gardening tips include choosing the right plants for your climate, watering properly, and using organic fertilizers.",2025-41-03/14/25 22:41:43
hello,Hey,2025-41-03/14/25 22:41:50
Goodbye,Goodbye,2025-41-03/14/25 22:41:57
Good morning,"Gardening tips include choosing the right plants for your climate, watering properly, and using organic fertilizers.",2025-42-03/14/25 22:42:06
Goodmorning,"Gardening tips include choosing the right plants for your climate, watering properly, and using organic fertilizers.",2025-42-03/14/25 22:42:21
Good morning,Growing a vegetable garden allows you to enjoy fresh produce and connect with nature.,2025-42-03/14/25 22:42:26
hii,"Gardening tips include choosing the right plants for your climate, watering properly, and using organic fertilizers.",2025-55-03/14/25 22:55:04
hi,"I'm fine, thank you",2025-55-03/14/25 22:55:11
hello,Hi there,2025-55-03/14/25 22:55:21
what's up,Hello,2025-55-03/14/25 22:55:28
who are you,I can answer questions and provide assistance,2025-55-03/14/25 22:55:37
who are you,My purpose is to assist you,2025-55-03/14/25 22:55:42
who are you,I am a chatbot,2025-55-03/14/25 22:55:46
who are you,My purpose is to assist you,2025-55-03/14/25 22:55:49
who are you,I am a chatbot,2025-55-03/14/25 22:55:52
who are you,I am a chatbot,2025-55-03/14/25 22:55:54
who are you,I can answer questions and provide assistance,2025-55-03/14/25 22:55:58
who are you,My purpose is to assist you,2025-56-03/14/25 22:56:04
what is chatbot,I can answer questions and provide assistance,2025-56-03/14/25 22:56:14
what is chatbot,My purpose is to assist you,2025-56-03/14/25 22:56:19
what is chatbot,I am a chatbot,2025-56-03/14/25 22:56:23
what can you do,My purpose is to assist you,2025-56-03/14/25 22:56:32
Help,I'm here to help. What's the problem?,2025-56-03/14/25 22:56:50
Help,"Sure, what do you need help with?",2025-56-03/14/25 22:56:55
Help,How can I assist you?,2025-57-03/14/25 22:57:01
Help,How can I assist you?,2025-57-03/14/25 22:57:05
How old are you,I can answer questions and provide assistance,2025-57-03/14/25 22:57:20
what's the weather like,You can check the weather on a weather app or website.,2025-57-03/14/25 22:57:52
what's the weather like,"I'm sorry, I cannot provide real-time weather information.",2025-57-03/14/25 22:57:58
How can i make budget,"To make a budget, start by tracking your income and expenses. Then, allocate your income towards essential expenses like rent, food, and bills. Next, allocate some of your income towards savings and debt repayment. Finally, allocate the remainder of your income towards discretionary expenses like entertainment and hobbies.",2025-58-03/14/25 22:58:17
what is credit score,You can check your credit score for free on several websites such as Credit Karma and Credit Sesame.,2025-59-03/14/25 22:59:10
what is credit score,"A credit score is a number that represents your creditworthiness. It is based on your credit history and is used by lenders to determine whether or not to lend you money. The higher your credit score, the more likely you are to be approved for credit.",2025-59-03/14/25 22:59:19
thanks,Glad I could help,2025-59-03/14/25 22:59:50
thank you,You're welcome,2025-59-03/14/25 22:59:59
